[
    {
        "title": "Matchday1",
        "matchday_id": 100,
        "points": 90,
        "date_range": "15 - 19 June 2024",
        "matches": [
            {
                "matchid": "123",
                "match_date": "15 June at 00:30",
                "team1_name": "Germany",
                "team2_name": "Scotland",
                "popular_predictions": [
                    {
                        "team1_prediction": "2",
                        "team2_prediction": "0",
                        "prediction_percentage": "11"
                    },
                    {
                        "team1_prediction": "1",
                        "team2_prediction": "4",
                        "prediction_percentage": "55"
                    },
                    {
                        "team1_prediction": "1",
                        "team2_prediction": "0",
                        "prediction_percentage": "45"
                    },
                    {
                        "team1_prediction": "2",
                        "team2_prediction": "3",
                        "prediction_percentage": "78"
                    }
                ]
            },
            {
                "matchid": "124",
                "match_date": "15 June at 18:30",
                "team1_name": "Hungary",
                "team2_name": "Switzerland",
                "popular_predictions": [
                    {
                        "team1_prediction": "3",
                        "team2_prediction": "5",
                        "prediction_percentage": "24"
                    },
                    {
                        "team1_prediction": "1",
                        "team2_prediction": "3",
                        "prediction_percentage": "16"
                    }
                ]
            },
            {
                "matchid": "125",
                "match_date": "15 June at 21:30",
                "team1_name": "Spain",
                "team2_name": "Croatia",
                "popular_predictions": [
                    {
                        "team1_prediction": "0",
                        "team2_prediction": "0",
                        "prediction_percentage": "16"
                    }
                ]
            },
            {
                "matchid": "126",
                "match_date": "16 June at 00:30",
                "team1_name": "Italy",
                "team2_name": "Albania",
                "popular_predictions": [
                    {
                        "team1_prediction": "2",
                        "team2_prediction": "0",
                        "prediction_percentage": "56"
                    },
                    {
                        "team1_prediction": "3",
                        "team2_prediction": "0",
                        "prediction_percentage": "34"
                    },
                    {
                        "team1_prediction": "2",
                        "team2_prediction": "3",
                        "prediction_percentage": "12"
                    }
                ]
            },
            {
                "matchid": "127",
                "match_date": "16 June at 18:30",
                "team1_name": "Poland",
                "team2_name": "Netherlands",
                "popular_predictions": [
                    {
                        "team1_prediction": "2",
                        "team2_prediction": "0",
                        "prediction_percentage": "5"
                    },
                    {
                        "team1_prediction": "3",
                        "team2_prediction": "0",
                        "prediction_percentage": "9"
                    },
                    {
                        "team1_prediction": "2",
                        "team2_prediction": "3",
                        "prediction_percentage": "81"
                    }
                ]
            },
            {
                "matchid": "128",
                "match_date": "16 June at 21:30",
                "team1_name": "Slovenia",
                "team2_name": "Denmark",
                "popular_predictions": [
                    {
                        "team1_prediction": "2",
                        "team2_prediction": "0",
                        "prediction_percentage": "47"
                    },
                    {
                        "team1_prediction": "3",
                        "team2_prediction": "0",
                        "prediction_percentage": "55"
                    },
                    {
                        "team1_prediction": "2",
                        "team2_prediction": "3",
                        "prediction_percentage": "19"
                    }
                ]
            },
            {
                "matchid": "129",
                "match_date": "17 June at 00:30",
                "team1_name": "Serbia",
                "team2_name": "England",
                "popular_predictions": [
                    {
                        "team1_prediction": "1",
                        "team2_prediction": "1",
                        "prediction_percentage": "72"
                    },
                    {
                        "team1_prediction": "2",
                        "team2_prediction": "6",
                        "prediction_percentage": "44"
                    },
                    {
                        "team1_prediction": "2",
                        "team2_prediction": "3",
                        "prediction_percentage": "12"
                    }
                ]
            },
            {
                "matchid": "130",
                "match_date": "17 June at 18:30",
                "team1_name": "Romania",
                "team2_name": "Ukraine",
                "popular_predictions": [
                    {
                        "team1_prediction": "2",
                        "team2_prediction": "0",
                        "prediction_percentage": "45"
                    },
                    {
                        "team1_prediction": "1",
                        "team2_prediction": "2",
                        "prediction_percentage": "24"
                    },
                    {
                        "team1_prediction": "3",
                        "team2_prediction": "0",
                        "prediction_percentage": "76"
                    },
                    {
                        "team1_prediction": "2",
                        "team2_prediction": "3",
                        "prediction_percentage": "35"
                    }
                ]
            },
            {
                "matchid": "131",
                "match_date": "17 June at 21:30",
                "team1_name": "Belgium",
                "team2_name": "Slovakia",
                "popular_predictions": [
                    {
                        "team1_prediction": "3",
                        "team2_prediction": "0",
                        "prediction_percentage": "20"
                    },
                    {
                        "team1_prediction": "2",
                        "team2_prediction": "3",
                        "prediction_percentage": "70"
                    }
                ]
            },
            {
                "matchid": "132",
                "match_date": "18 June at 00:30",
                "team1_name": "Austria",
                "team2_name": "France",
                "popular_predictions": [
                    {
                        "team1_prediction": "2",
                        "team2_prediction": "9",
                        "prediction_percentage": "52"
                    },
                    {
                        "team1_prediction": "3",
                        "team2_prediction": "0",
                        "prediction_percentage": "14"
                    },
                    {
                        "team1_prediction": "4",
                        "team2_prediction": "0",
                        "prediction_percentage": "21"
                    },
                    {
                        "team1_prediction": "2",
                        "team2_prediction": "3",
                        "prediction_percentage": "29"
                    }
                ]
            },
            {
                "matchid": "133",
                "match_date": "18 June at 18:30",
                "team1_name": "Turkey",
                "team2_name": "Georgia",
                "popular_predictions": [
                    {
                        "team1_prediction": "2",
                        "team2_prediction": "0",
                        "prediction_percentage": "50"
                    },
                    {
                        "team1_prediction": "2",
                        "team2_prediction": "3",
                        "prediction_percentage": "50"
                    }
                ]
            },
            {
                "matchid": "134",
                "match_date": "18 June at 21:30",
                "team1_name": "Portugal",
                "team2_name": "Czechia",
                "popular_predictions": [
                    {
                        "team1_prediction": "2",
                        "team2_prediction": "0",
                        "prediction_percentage": "100"
                    }
                ]
            }
        ]
    },
    {
        "title": "Matchday2",
        "matchday_id": 101,
        "points": 50,
        "date_range": "19 - 23 June 2024",
        "matches": [
            {
                "matchid": "135",
                "match_date": "19 June at 00:30",
                "team1_name": "Croatia",
                "team2_name": "Albania",
                "popular_predictions": [
                    {
                        "team1_prediction": "2",
                        "team2_prediction": "1",
                        "prediction_percentage": "60"
                    }
                ]
            },
            {
                "matchid": "136",
                "match_date": "19 June at 18:30",
                "team1_name": "Germany",
                "team2_name": "Hungary",
                "popular_predictions": [
                    {
                        "team1_prediction": "3",
                        "team2_prediction": "0",
                        "prediction_percentage": "70"
                    },
                    {
                        "team1_prediction": "2",
                        "team2_prediction": "1",
                        "prediction_percentage": "20"
                    }
                ]
            },
            {
                "matchid": "137",
                "match_date": "19 June at 21:30",
                "team1_name": "Scotland",
                "team2_name": "Switzerland",
                "popular_predictions": [
                    {
                        "team1_prediction": "1",
                        "team2_prediction": "1",
                        "prediction_percentage": "50"
                    },
                    {
                        "team1_prediction": "2",
                        "team2_prediction": "0",
                        "prediction_percentage": "30"
                    }
                ]
            },
            {
                "matchid": "138",
                "match_date": "20 June at 00:30",
                "team1_name": "Slovenia",
                "team2_name": "Serbia",
                "popular_predictions": [
                    {
                        "team1_prediction": "1",
                        "team2_prediction": "1",
                        "prediction_percentage": "40"
                    },
                    {
                        "team1_prediction": "0",
                        "team2_prediction": "2",
                        "prediction_percentage": "30"
                    },
                    {
                        "team1_prediction": "2",
                        "team2_prediction": "0",
                        "prediction_percentage": "30"
                    }
                ]
            },
            {
                "matchid": "139",
                "match_date": "20 June at 18:30",
                "team1_name": "Denmark",
                "team2_name": "England",
                "popular_predictions": [
                    {
                        "team1_prediction": "1",
                        "team2_prediction": "2",
                        "prediction_percentage": "40"
                    },
                    {
                        "team1_prediction": "2",
                        "team2_prediction": "1",
                        "prediction_percentage": "30"
                    },
                    {
                        "team1_prediction": "0",
                        "team2_prediction": "0",
                        "prediction_percentage": "30"
                    },
                    {
                        "team1_prediction": "3",
                        "team2_prediction": "2",
                        "prediction_percentage": "20"
                    }
                ]
            },
            {
                "matchid": "140",
                "match_date": "20 June at 21:30",
                "team1_name": "Spain",
                "team2_name": "Italy",
                "popular_predictions": [
                    {
                        "team1_prediction": "1",
                        "team2_prediction": "1",
                        "prediction_percentage": "72"
                    },
                    {
                        "team1_prediction": "2",
                        "team2_prediction": "6",
                        "prediction_percentage": "44"
                    },
                    {
                        "team1_prediction": "2",
                        "team2_prediction": "3",
                        "prediction_percentage": "12"
                    },
                    {
                        "team1_prediction": "3",
                        "team2_prediction": "1",
                        "prediction_percentage": "8"
                    }
                ]
            },
            {
                "matchid": "141",
                "match_date": "21 June at 00:30",
                "team1_name": "Slovakia",
                "team2_name": "Ukraine",
                "popular_predictions": [
                    {
                        "team1_prediction": "1",
                        "team2_prediction": "2",
                        "prediction_percentage": "50"
                    }
                ]
            },
            {
                "matchid": "142",
                "match_date": "21 June at 18:30",
                "team1_name": "Poland",
                "team2_name": "Austria",
                "popular_predictions": [
                    {
                        "team1_prediction": "2",
                        "team2_prediction": "1",
                        "prediction_percentage": "60"
                    },
                    {
                        "team1_prediction": "1",
                        "team2_prediction": "0",
                        "prediction_percentage": "30"
                    },
                    {
                        "team1_prediction": "0",
                        "team2_prediction": "2",
                        "prediction_percentage": "10"
                    },
                    {
                        "team1_prediction": "3",
                        "team2_prediction": "2",
                        "prediction_percentage": "20"
                    }
                ]
            },
            {
                "matchid": "143",
                "match_date": "21 June at 21:30",
                "team1_name": "Netherlands",
                "team2_name": "France",
                "popular_predictions": [
                    {
                        "team1_prediction": "1",
                        "team2_prediction": "2",
                        "prediction_percentage": "40"
                    },
                    {
                        "team1_prediction": "2",
                        "team2_prediction": "1",
                        "prediction_percentage": "30"
                    },
                    {
                        "team1_prediction": "0",
                        "team2_prediction": "0",
                        "prediction_percentage": "30"
                    },
                    {
                        "team1_prediction": "3",
                        "team2_prediction": "3",
                        "prediction_percentage": "10"
                    }
                ]
            },
            {
                "matchid": "144",
                "match_date": "22 June at 00:30",
                "team1_name": "Georgia",
                "team2_name": "Czechia",
                "popular_predictions": [
                    {
                        "team1_prediction": "0",
                        "team2_prediction": "1",
                        "prediction_percentage": "50"
                    },
                    {
                        "team1_prediction": "1",
                        "team2_prediction": "0",
                        "prediction_percentage": "30"
                    },
                    {
                        "team1_prediction": "2",
                        "team2_prediction": "2",
                        "prediction_percentage": "20"
                    }
                ]
            },
            {
                "matchid": "145",
                "match_date": "22 June at 18:30",
                "team1_name": "Turkey",
                "team2_name": "Portugal",
                "popular_predictions": [
                    {
                        "team1_prediction": "1",
                        "team2_prediction": "2",
                        "prediction_percentage": "60"
                    },
                    {
                        "team1_prediction": "2",
                        "team2_prediction": "1",
                        "prediction_percentage": "30"
                    }
                ]
            },
            {
                "matchid": "146",
                "match_date": "22 June at 21:30",
                "team1_name": "Belgium",
                "team2_name": "Romania",
                "popular_predictions": [
                    {
                        "team1_prediction": "2",
                        "team2_prediction": "1",
                        "prediction_percentage": "70"
                    },
                    {
                        "team1_prediction": "1",
                        "team2_prediction": "0",
                        "prediction_percentage": "20"
                    },
                    {
                        "team1_prediction": "0",
                        "team2_prediction": "2",
                        "prediction_percentage": "10"
                    }
                ]
            }
        ]
    },
    {
        "title": "Matchday3",
        "matchday_id": 102,
        "points": 0,
        "date_range": "24 - 27 June 2024",
        "matches": [
            {
                "matchid": "147",
                "match_date": "23 June at 00:30",
                "team1_name": "Switzerland",
                "team2_name": "Germany",
                "popular_predictions": [
                    {
                        "team1_prediction": "1",
                        "team2_prediction": "2",
                        "prediction_percentage": "40"
                    },
                    {
                        "team1_prediction": "2",
                        "team2_prediction": "1",
                        "prediction_percentage": "30"
                    },
                    {
                        "team1_prediction": "0",
                        "team2_prediction": "0",
                        "prediction_percentage": "30"
                    },
                    {
                        "team1_prediction": "3",
                        "team2_prediction": "3",
                        "prediction_percentage": "10"
                    }
                ]
            },
            {
                "matchid": "148",
                "match_date": "23 June at 00:30",
                "team1_name": "Scotland",
                "team2_name": "Hungary",
                "popular_predictions": [
                    {
                        "team1_prediction": "2",
                        "team2_prediction": "1",
                        "prediction_percentage": "60"
                    },
                    {
                        "team1_prediction": "1",
                        "team2_prediction": "2",
                        "prediction_percentage": "40"
                    }
                ]
            },
            {
                "matchid": "149",
                "match_date": "24 June at 20:00",
                "team1_name": "Croatia",
                "team2_name": "Italy",
                "popular_predictions": [
                    {
                        "team1_prediction": "1",
                        "team2_prediction": "2",
                        "prediction_percentage": "50"
                    },
                    {
                        "team1_prediction": "2",
                        "team2_prediction": "1",
                        "prediction_percentage": "30"
                    },
                    {
                        "team1_prediction": "0",
                        "team2_prediction": "0",
                        "prediction_percentage": "20"
                    }
                ]
            },
            {
                "matchid": "150",
                "match_date": "24 June at 20:00",
                "team1_name": "Albania",
                "team2_name": "Spain",
                "popular_predictions": [
                    {
                        "team1_prediction": "0",
                        "team2_prediction": "2",
                        "prediction_percentage": "70"
                    },
                    {
                        "team1_prediction": "1",
                        "team2_prediction": "1",
                        "prediction_percentage": "30"
                    }
                ]
            },
            {
                "matchid": "151",
                "match_date": "25 June at 17:30",
                "team1_name": "Netherlands",
                "team2_name": "Austria",
                "popular_predictions": [
                    {
                        "team1_prediction": "2",
                        "team2_prediction": "1",
                        "prediction_percentage": "60"
                    },
                    {
                        "team1_prediction": "1",
                        "team2_prediction": "0",
                        "prediction_percentage": "30"
                    },
                    {
                        "team1_prediction": "0",
                        "team2_prediction": "2",
                        "prediction_percentage": "10"
                    }
                ]
            },
            {
                "matchid": "152",
                "match_date": "25 June at 17:30",
                "team1_name": "France",
                "team2_name": "Poland",
                "popular_predictions": [
                    {
                        "team1_prediction": "2",
                        "team2_prediction": "1",
                        "prediction_percentage": "50"
                    },
                    {
                        "team1_prediction": "1",
                        "team2_prediction": "2",
                        "prediction_percentage": "30"
                    },
                    {
                        "team1_prediction": "0",
                        "team2_prediction": "0",
                        "prediction_percentage": "20"
                    }
                ]
            },
            {
                "matchid": "153",
                "match_date": "25 June at 20:30",
                "team1_name": "England",
                "team2_name": "Slovenia",
                "popular_predictions": [
                    {
                        "team1_prediction": "3",
                        "team2_prediction": "0",
                        "prediction_percentage": "40"
                    },
                    {
                        "team1_prediction": "2",
                        "team2_prediction": "1",
                        "prediction_percentage": "30"
                    },
                    {
                        "team1_prediction": "1",
                        "team2_prediction": "2",
                        "prediction_percentage": "20"
                    },
                    {
                        "team1_prediction": "0",
                        "team2_prediction": "3",
                        "prediction_percentage": "10"
                    }
                ]
            },
            {
                "matchid": "154",
                "match_date": "25 June at 20:30",
                "team1_name": "Denmark",
                "team2_name": "Serbia",
                "popular_predictions": [
                    {
                        "team1_prediction": "2",
                        "team2_prediction": "1",
                        "prediction_percentage": "60"
                    },
                    {
                        "team1_prediction": "1",
                        "team2_prediction": "2",
                        "prediction_percentage": "40"
                    }
                ]
            },
            {
                "matchid": "155",
                "match_date": "26 June at 20:00",
                "team1_name": "Slovakia",
                "team2_name": "Romania",
                "popular_predictions": [
                    {
                        "team1_prediction": "1",
                        "team2_prediction": "2",
                        "prediction_percentage": "50"
                    },
                    {
                        "team1_prediction": "2",
                        "team2_prediction": "1",
                        "prediction_percentage": "30"
                    },
                    {
                        "team1_prediction": "0",
                        "team2_prediction": "0",
                        "prediction_percentage": "20"
                    }
                ]
            },
            {
                "matchid": "156",
                "match_date": "26 June at 20:00",
                "team1_name": "Ukraine",
                "team2_name": "Belgium",
                "popular_predictions": [
                    {
                        "team1_prediction": "1",
                        "team2_prediction": "3",
                        "prediction_percentage": "60"
                    },
                    {
                        "team1_prediction": "2",
                        "team2_prediction": "1",
                        "prediction_percentage": "40"
                    }
                ]
            },
            {
                "matchid": "157",
                "match_date": "26 June at 23:30",
                "team1_name": "Czechia",
                "team2_name": "Turkey",
                "popular_predictions": [
                    {
                        "team1_prediction": "1",
                        "team2_prediction": "2",
                        "prediction_percentage": "70"
                    },
                    {
                        "team1_prediction": "2",
                        "team2_prediction": "1",
                        "prediction_percentage": "30"
                    }
                ]
            },
            {
                "matchid": "158",
                "match_date": "26 June at 23:30",
                "team1_name": "Georgia",
                "team2_name": "Portugal",
                "popular_predictions": [
                    {
                        "team1_prediction": "0",
                        "team2_prediction": "3",
                        "prediction_percentage": "60"
                    },
                    {
                        "team1_prediction": "1",
                        "team2_prediction": "2",
                        "prediction_percentage": "40"
                    }
                ]
            }
        ]
    }
]
