{
  "images" : [
    {
      "filename" : "Pattern.png",
      "idiom" : "iphone",
      "scale" : "1x"
    },
    {
      "filename" : "Pattern 1.png",
      "idiom" : "iphone",
      "scale" : "2x"
    },
    {
      "filename" : "Pattern 2.png",
      "idiom" : "iphone",
      "scale" : "3x"
    },
    {
      "filename" : "Pattern 3.png",
      "idiom" : "ipad",
      "scale" : "1x"
    },
    {
      "filename" : "Pattern 4.png",
      "idiom" : "ipad",
      "scale" : "2x"
    }
  ],
  "info" : {
    "author" : "xcode",
    "version" : 1
  }
}
